{"Loss": 0.003950517093471717, "_runtime": 77, "_timestamp": 1633792255, "_step": 399, "Val Loss": 0.20197151601314545, "Acc": 99.5, "Val Acc": 45.6, "_wandb": {"runtime": 76}}